skill,job_count,demand_pct,uni_count,supply_pct,normalized_demand,normalized_supply,gap_score
java,8.0,0.1476559616094499,0.0,0.0,10.0,0.0,10.0
javascript,8.0,0.1476559616094499,0.0,0.0,10.0,0.0,10.0
automation,7.0,0.1291989664082687,0.0,0.0,8.750000000000002,0.0,8.750000000000002
python,7.0,0.1291989664082687,0.0,0.0,8.750000000000002,0.0,8.750000000000002
agile,7.0,0.1291989664082687,0.0,0.0,8.750000000000002,0.0,8.750000000000002
root cause analysis,6.0,0.1107419712070874,0.0,0.0,7.499999999999998,0.0,7.499999999999998
reactjs,6.0,0.1107419712070874,0.0,0.0,7.499999999999998,0.0,7.499999999999998
responsive design,5.0,0.0922849760059062,0.0,0.0,6.25,0.0,6.25
problem management,5.0,0.0922849760059062,0.0,0.0,6.25,0.0,6.25
ci/cd,5.0,0.0922849760059062,0.0,0.0,6.25,0.0,6.25
change management,5.0,0.0922849760059062,0.0,0.0,6.25,0.0,6.25
html5,5.0,0.0922849760059062,0.0,0.0,6.25,0.0,6.25
css3,5.0,0.0922849760059062,0.0,0.0,6.25,0.0,6.25
itil,5.0,0.0922849760059062,0.0,0.0,6.25,0.0,6.25
incident management,5.0,0.0922849760059062,0.0,0.0,6.25,0.0,6.25
redis,4.0,0.0738279808047249,0.0,0.0,4.9999999999999964,0.0,4.9999999999999964
observability,4.0,0.0738279808047249,0.0,0.0,4.9999999999999964,0.0,4.9999999999999964
sla management,4.0,0.0738279808047249,0.0,0.0,4.9999999999999964,0.0,4.9999999999999964
oop,4.0,0.0738279808047249,0.0,0.0,4.9999999999999964,0.0,4.9999999999999964
mysql,4.0,0.0738279808047249,0.0,0.0,4.9999999999999964,0.0,4.9999999999999964
algorithms,6.0,0.1107419712070874,2.0,28.57142857142857,7.499999999999998,3.333333333333333,4.166666666666665
data structures,6.0,0.1107419712070874,2.0,28.57142857142857,7.499999999999998,3.333333333333333,4.166666666666665
vulnerability management,3.0,0.0553709856035437,0.0,0.0,3.749999999999999,0.0,3.749999999999999
linux,3.0,0.0553709856035437,0.0,0.0,3.749999999999999,0.0,3.749999999999999
typescript,3.0,0.0553709856035437,0.0,0.0,3.749999999999999,0.0,3.749999999999999
backend development,3.0,0.0553709856035437,0.0,0.0,3.749999999999999,0.0,3.749999999999999
nosql,3.0,0.0553709856035437,0.0,0.0,3.749999999999999,0.0,3.749999999999999
docker,3.0,0.0553709856035437,0.0,0.0,3.749999999999999,0.0,3.749999999999999
unit testing,3.0,0.0553709856035437,0.0,0.0,3.749999999999999,0.0,3.749999999999999
siem,3.0,0.0553709856035437,0.0,0.0,3.749999999999999,0.0,3.749999999999999
c++,3.0,0.0553709856035437,0.0,0.0,3.749999999999999,0.0,3.749999999999999
caching,3.0,0.0553709856035437,0.0,0.0,3.749999999999999,0.0,3.749999999999999
sql,3.0,0.0553709856035437,0.0,0.0,3.749999999999999,0.0,3.749999999999999
ios,3.0,0.0553709856035437,0.0,0.0,3.749999999999999,0.0,3.749999999999999
software development,3.0,0.0553709856035437,0.0,0.0,3.749999999999999,0.0,3.749999999999999
rca,3.0,0.0553709856035437,0.0,0.0,3.749999999999999,0.0,3.749999999999999
es6+,3.0,0.0553709856035437,0.0,0.0,3.749999999999999,0.0,3.749999999999999
git,3.0,0.0553709856035437,0.0,0.0,3.749999999999999,0.0,3.749999999999999
jira,3.0,0.0553709856035437,0.0,0.0,3.749999999999999,0.0,3.749999999999999
restful apis,3.0,0.0553709856035437,0.0,0.0,3.749999999999999,0.0,3.749999999999999
knowledge management,3.0,0.0553709856035437,0.0,0.0,3.749999999999999,0.0,3.749999999999999
databases,3.0,0.0553709856035437,0.0,0.0,3.749999999999999,0.0,3.749999999999999
cybersecurity,4.0,0.0738279808047249,1.0,14.285714285714285,4.9999999999999964,1.6666666666666665,3.33333333333333
software architecture,2.0,0.0369139904023624,0.0,0.0,2.4999999999999947,0.0,2.4999999999999947
immutability,2.0,0.0369139904023624,0.0,0.0,2.4999999999999947,0.0,2.4999999999999947
component-based architecture,2.0,0.0369139904023624,0.0,0.0,2.4999999999999947,0.0,2.4999999999999947
network management,2.0,0.0369139904023624,0.0,0.0,2.4999999999999947,0.0,2.4999999999999947
prometheus,2.0,0.0369139904023624,0.0,0.0,2.4999999999999947,0.0,2.4999999999999947
project management,2.0,0.0369139904023624,0.0,0.0,2.4999999999999947,0.0,2.4999999999999947
nodejs,2.0,0.0369139904023624,0.0,0.0,2.4999999999999947,0.0,2.4999999999999947
network security,2.0,0.0369139904023624,0.0,0.0,2.4999999999999947,0.0,2.4999999999999947
electrical engineering,2.0,0.0369139904023624,0.0,0.0,2.4999999999999947,0.0,2.4999999999999947
service management,2.0,0.0369139904023624,0.0,0.0,2.4999999999999947,0.0,2.4999999999999947
iis,2.0,0.0369139904023624,0.0,0.0,2.4999999999999947,0.0,2.4999999999999947
noc,2.0,0.0369139904023624,0.0,0.0,2.4999999999999947,0.0,2.4999999999999947
soc,2.0,0.0369139904023624,0.0,0.0,2.4999999999999947,0.0,2.4999999999999947
csp,2.0,0.0369139904023624,0.0,0.0,2.4999999999999947,0.0,2.4999999999999947
objective-c,2.0,0.0369139904023624,0.0,0.0,2.4999999999999947,0.0,2.4999999999999947
continuous delivery,2.0,0.0369139904023624,0.0,0.0,2.4999999999999947,0.0,2.4999999999999947
redux,2.0,0.0369139904023624,0.0,0.0,2.4999999999999947,0.0,2.4999999999999947
performance optimization,2.0,0.0369139904023624,0.0,0.0,2.4999999999999947,0.0,2.4999999999999947
dba,2.0,0.0369139904023624,0.0,0.0,2.4999999999999947,0.0,2.4999999999999947
restful api,2.0,0.0369139904023624,0.0,0.0,2.4999999999999947,0.0,2.4999999999999947
react,2.0,0.0369139904023624,0.0,0.0,2.4999999999999947,0.0,2.4999999999999947
govtech ocp,2.0,0.0369139904023624,0.0,0.0,2.4999999999999947,0.0,2.4999999999999947
raci,2.0,0.0369139904023624,0.0,0.0,2.4999999999999947,0.0,2.4999999999999947
govtech ora,2.0,0.0369139904023624,0.0,0.0,2.4999999999999947,0.0,2.4999999999999947
data injection attacks,2.0,0.0369139904023624,0.0,0.0,2.4999999999999947,0.0,2.4999999999999947
grafana,2.0,0.0369139904023624,0.0,0.0,2.4999999999999947,0.0,2.4999999999999947
sass,2.0,0.0369139904023624,0.0,0.0,2.4999999999999947,0.0,2.4999999999999947
grpc,2.0,0.0369139904023624,0.0,0.0,2.4999999999999947,0.0,2.4999999999999947
csrf,2.0,0.0369139904023624,0.0,0.0,2.4999999999999947,0.0,2.4999999999999947
design patterns,2.0,0.0369139904023624,0.0,0.0,2.4999999999999947,0.0,2.4999999999999947
scrum,2.0,0.0369139904023624,0.0,0.0,2.4999999999999947,0.0,2.4999999999999947
scss,2.0,0.0369139904023624,0.0,0.0,2.4999999999999947,0.0,2.4999999999999947
continuous integration,2.0,0.0369139904023624,0.0,0.0,2.4999999999999947,0.0,2.4999999999999947
computer architecture,2.0,0.0369139904023624,0.0,0.0,2.4999999999999947,0.0,2.4999999999999947
es5,2.0,0.0369139904023624,0.0,0.0,2.4999999999999947,0.0,2.4999999999999947
ui libraries,2.0,0.0369139904023624,0.0,0.0,2.4999999999999947,0.0,2.4999999999999947
cissp,2.0,0.0369139904023624,0.0,0.0,2.4999999999999947,0.0,2.4999999999999947
javascript code injection,2.0,0.0369139904023624,0.0,0.0,2.4999999999999947,0.0,2.4999999999999947
asset management,2.0,0.0369139904023624,0.0,0.0,2.4999999999999947,0.0,2.4999999999999947
uikit,2.0,0.0369139904023624,0.0,0.0,2.4999999999999947,0.0,2.4999999999999947
memory management,2.0,0.0369139904023624,0.0,0.0,2.4999999999999947,0.0,2.4999999999999947
troubleshooting,2.0,0.0369139904023624,0.0,0.0,2.4999999999999947,0.0,2.4999999999999947
kpi management,2.0,0.0369139904023624,0.0,0.0,2.4999999999999947,0.0,2.4999999999999947
modularization,2.0,0.0369139904023624,0.0,0.0,2.4999999999999947,0.0,2.4999999999999947
kubernetes,2.0,0.0369139904023624,0.0,0.0,2.4999999999999947,0.0,2.4999999999999947
iso 27001,2.0,0.0369139904023624,0.0,0.0,2.4999999999999947,0.0,2.4999999999999947
iso 20000,2.0,0.0369139904023624,0.0,0.0,2.4999999999999947,0.0,2.4999999999999947
cab,2.0,0.0369139904023624,0.0,0.0,2.4999999999999947,0.0,2.4999999999999947
ips,2.0,0.0369139904023624,0.0,0.0,2.4999999999999947,0.0,2.4999999999999947
mvc,2.0,0.0369139904023624,0.0,0.0,2.4999999999999947,0.0,2.4999999999999947
mvvm,2.0,0.0369139904023624,0.0,0.0,2.4999999999999947,0.0,2.4999999999999947
mongodb,2.0,0.0369139904023624,0.0,0.0,2.4999999999999947,0.0,2.4999999999999947
jenkins,2.0,0.0369139904023624,0.0,0.0,2.4999999999999947,0.0,2.4999999999999947
xss,2.0,0.0369139904023624,0.0,0.0,2.4999999999999947,0.0,2.4999999999999947
maintenance,2.0,0.0369139904023624,0.0,0.0,2.4999999999999947,0.0,2.4999999999999947
swift,2.0,0.0369139904023624,0.0,0.0,2.4999999999999947,0.0,2.4999999999999947
systems engineering,2.0,0.0369139904023624,0.0,0.0,2.4999999999999947,0.0,2.4999999999999947
swiftui,2.0,0.0369139904023624,0.0,0.0,2.4999999999999947,0.0,2.4999999999999947
state management,2.0,0.0369139904023624,0.0,0.0,2.4999999999999947,0.0,2.4999999999999947
cloud,2.0,0.0369139904023624,0.0,0.0,2.4999999999999947,0.0,2.4999999999999947
networking,4.0,0.0738279808047249,2.0,28.57142857142857,4.9999999999999964,3.333333333333333,1.6666666666666634
migo,1.0,0.0184569952011812,0.0,0.0,1.2499999999999973,0.0,1.2499999999999973
miniapp,1.0,0.0184569952011812,0.0,0.0,1.2499999999999973,0.0,1.2499999999999973
microservices architecture,1.0,0.0184569952011812,0.0,0.0,1.2499999999999973,0.0,1.2499999999999973
machine vision,1.0,0.0184569952011812,0.0,0.0,1.2499999999999973,0.0,1.2499999999999973
privileged access management,1.0,0.0184569952011812,0.0,0.0,1.2499999999999973,0.0,1.2499999999999973
proactive monitoring,1.0,0.0184569952011812,0.0,0.0,1.2499999999999973,0.0,1.2499999999999973
pep,1.0,0.0184569952011812,0.0,0.0,1.2499999999999973,0.0,1.2499999999999973
performance dashboards,1.0,0.0184569952011812,0.0,0.0,1.2499999999999973,0.0,1.2499999999999973
mission+,1.0,0.0184569952011812,0.0,0.0,1.2499999999999973,0.0,1.2499999999999973
performance monitoring,1.0,0.0184569952011812,0.0,0.0,1.2499999999999973,0.0,1.2499999999999973
memcached,1.0,0.0184569952011812,0.0,0.0,1.2499999999999973,0.0,1.2499999999999973
mechatronics,1.0,0.0184569952011812,0.0,0.0,1.2499999999999973,0.0,1.2499999999999973
penetration testing,1.0,0.0184569952011812,0.0,0.0,1.2499999999999973,0.0,1.2499999999999973
managed services,1.0,0.0184569952011812,0.0,0.0,1.2499999999999973,0.0,1.2499999999999973
performance tuning,1.0,0.0184569952011812,0.0,0.0,1.2499999999999973,0.0,1.2499999999999973
manhattan systems,1.0,0.0184569952011812,0.0,0.0,1.2499999999999973,0.0,1.2499999999999973
predictive analytics,1.0,0.0184569952011812,0.0,0.0,1.2499999999999973,0.0,1.2499999999999973
powershell,1.0,0.0184569952011812,0.0,0.0,1.2499999999999973,0.0,1.2499999999999973
power quality equipment,1.0,0.0184569952011812,0.0,0.0,1.2499999999999973,0.0,1.2499999999999973
postgresql,1.0,0.0184569952011812,0.0,0.0,1.2499999999999973,0.0,1.2499999999999973
pmp,1.0,0.0184569952011812,0.0,0.0,1.2499999999999973,0.0,1.2499999999999973
privilege escalation,1.0,0.0184569952011812,0.0,0.0,1.2499999999999973,0.0,1.2499999999999973
mission+ doc manager,1.0,0.0184569952011812,0.0,0.0,1.2499999999999973,0.0,1.2499999999999973
malware analysis,1.0,0.0184569952011812,0.0,0.0,1.2499999999999973,0.0,1.2499999999999973
plcs,1.0,0.0184569952011812,0.0,0.0,1.2499999999999973,0.0,1.2499999999999973
manual software testing,1.0,0.0184569952011812,0.0,0.0,1.2499999999999973,0.0,1.2499999999999973
pfmea,1.0,0.0184569952011812,0.0,0.0,1.2499999999999973,0.0,1.2499999999999973
mdm,1.0,0.0184569952011812,0.0,0.0,1.2499999999999973,0.0,1.2499999999999973
personalization,1.0,0.0184569952011812,0.0,0.0,1.2499999999999973,0.0,1.2499999999999973
macos,1.0,0.0184569952011812,0.0,0.0,1.2499999999999973,0.0,1.2499999999999973
mechanical engineering,1.0,0.0184569952011812,0.0,0.0,1.2499999999999973,0.0,1.2499999999999973
network access control,1.0,0.0184569952011812,0.0,0.0,1.2499999999999973,0.0,1.2499999999999973
pdca,1.0,0.0184569952011812,0.0,0.0,1.2499999999999973,0.0,1.2499999999999973
n-flight planning,1.0,0.0184569952011812,0.0,0.0,1.2499999999999973,0.0,1.2499999999999973
ollydbg,1.0,0.0184569952011812,0.0,0.0,1.2499999999999973,0.0,1.2499999999999973
ola management,1.0,0.0184569952011812,0.0,0.0,1.2499999999999973,0.0,1.2499999999999973
monitoring,1.0,0.0184569952011812,0.0,0.0,1.2499999999999973,0.0,1.2499999999999973
oauth,1.0,0.0184569952011812,0.0,0.0,1.2499999999999973,0.0,1.2499999999999973
motion systems,1.0,0.0184569952011812,0.0,0.0,1.2499999999999973,0.0,1.2499999999999973
mssql,1.0,0.0184569952011812,0.0,0.0,1.2499999999999973,0.0,1.2499999999999973
n-crew planning,1.0,0.0184569952011812,0.0,0.0,1.2499999999999973,0.0,1.2499999999999973
next.js,1.0,0.0184569952011812,0.0,0.0,1.2499999999999973,0.0,1.2499999999999973
pcb,1.0,0.0184569952011812,0.0,0.0,1.2499999999999973,0.0,1.2499999999999973
n-ops & crew,1.0,0.0184569952011812,0.0,0.0,1.2499999999999973,0.0,1.2499999999999973
n-performance,1.0,0.0184569952011812,0.0,0.0,1.2499999999999973,0.0,1.2499999999999973
n-tracking,1.0,0.0184569952011812,0.0,0.0,1.2499999999999973,0.0,1.2499999999999973
network operations,1.0,0.0184569952011812,0.0,0.0,1.2499999999999973,0.0,1.2499999999999973
nac,1.0,0.0184569952011812,0.0,0.0,1.2499999999999973,0.0,1.2499999999999973
navigation+,1.0,0.0184569952011812,0.0,0.0,1.2499999999999973,0.0,1.2499999999999973
network device configuration,1.0,0.0184569952011812,0.0,0.0,1.2499999999999973,0.0,1.2499999999999973
mojo,1.0,0.0184569952011812,0.0,0.0,1.2499999999999973,0.0,1.2499999999999973
opc-ua,1.0,0.0184569952011812,0.0,0.0,1.2499999999999973,0.0,1.2499999999999973
open api,1.0,0.0184569952011812,0.0,0.0,1.2499999999999973,0.0,1.2499999999999973
openvino,1.0,0.0184569952011812,0.0,0.0,1.2499999999999973,0.0,1.2499999999999973
patch management,1.0,0.0184569952011812,0.0,0.0,1.2499999999999973,0.0,1.2499999999999973
mitm,1.0,0.0184569952011812,0.0,0.0,1.2499999999999973,0.0,1.2499999999999973
ows,1.0,0.0184569952011812,0.0,0.0,1.2499999999999973,0.0,1.2499999999999973
otel,1.0,0.0184569952011812,0.0,0.0,1.2499999999999973,0.0,1.2499999999999973
nessus,1.0,0.0184569952011812,0.0,0.0,1.2499999999999973,0.0,1.2499999999999973
oss,1.0,0.0184569952011812,0.0,0.0,1.2499999999999973,0.0,1.2499999999999973
mlops,1.0,0.0184569952011812,0.0,0.0,1.2499999999999973,0.0,1.2499999999999973
oscilloscopes,1.0,0.0184569952011812,0.0,0.0,1.2499999999999973,0.0,1.2499999999999973
oracle,1.0,0.0184569952011812,0.0,0.0,1.2499999999999973,0.0,1.2499999999999973
mobile application testing,1.0,0.0184569952011812,0.0,0.0,1.2499999999999973,0.0,1.2499999999999973
operational level agreements,1.0,0.0184569952011812,0.0,0.0,1.2499999999999973,0.0,1.2499999999999973
mobile development,1.0,0.0184569952011812,0.0,0.0,1.2499999999999973,0.0,1.2499999999999973
mobile platform development,1.0,0.0184569952011812,0.0,0.0,1.2499999999999973,0.0,1.2499999999999973
operational excellence,1.0,0.0184569952011812,0.0,0.0,1.2499999999999973,0.0,1.2499999999999973
operating system internals,1.0,0.0184569952011812,0.0,0.0,1.2499999999999973,0.0,1.2499999999999973
3d design tools,1.0,0.0184569952011812,0.0,0.0,1.2499999999999973,0.0,1.2499999999999973
requirements analysis,1.0,0.0184569952011812,0.0,0.0,1.2499999999999973,0.0,1.2499999999999973
process failure mode effect analysis,1.0,0.0184569952011812,0.0,0.0,1.2499999999999973,0.0,1.2499999999999973
spring framework,1.0,0.0184569952011812,0.0,0.0,1.2499999999999973,0.0,1.2499999999999973
triton inference server,1.0,0.0184569952011812,0.0,0.0,1.2499999999999973,0.0,1.2499999999999973
transportation,1.0,0.0184569952011812,0.0,0.0,1.2499999999999973,0.0,1.2499999999999973
todc,1.0,0.0184569952011812,0.0,0.0,1.2499999999999973,0.0,1.2499999999999973
threat management,1.0,0.0184569952011812,0.0,0.0,1.2499999999999973,0.0,1.2499999999999973
test script development,1.0,0.0184569952011812,0.0,0.0,1.2499999999999973,0.0,1.2499999999999973
test script design,1.0,0.0184569952011812,0.0,0.0,1.2499999999999973,0.0,1.2499999999999973
test planning,1.0,0.0184569952011812,0.0,0.0,1.2499999999999973,0.0,1.2499999999999973
test management,1.0,0.0184569952011812,0.0,0.0,1.2499999999999973,0.0,1.2499999999999973
test engineering,1.0,0.0184569952011812,0.0,0.0,1.2499999999999973,0.0,1.2499999999999973
test documentation,1.0,0.0184569952011812,0.0,0.0,1.2499999999999973,0.0,1.2499999999999973
test case design,1.0,0.0184569952011812,0.0,0.0,1.2499999999999973,0.0,1.2499999999999973
test automation,1.0,0.0184569952011812,0.0,0.0,1.2499999999999973,0.0,1.2499999999999973
terraform,1.0,0.0184569952011812,0.0,0.0,1.2499999999999973,0.0,1.2499999999999973
tensorrt,1.0,0.0184569952011812,0.0,0.0,1.2499999999999973,0.0,1.2499999999999973
tensorflow,1.0,0.0184569952011812,0.0,0.0,1.2499999999999973,0.0,1.2499999999999973
telemetry monitoring,1.0,0.0184569952011812,0.0,0.0,1.2499999999999973,0.0,1.2499999999999973
telemetry collection,1.0,0.0184569952011812,0.0,0.0,1.2499999999999973,0.0,1.2499999999999973
tailwindcss,1.0,0.0184569952011812,0.0,0.0,1.2499999999999973,0.0,1.2499999999999973
tableau,1.0,0.0184569952011812,0.0,0.0,1.2499999999999973,0.0,1.2499999999999973
system-level verification,1.0,0.0184569952011812,0.0,0.0,1.2499999999999973,0.0,1.2499999999999973
system optimization,1.0,0.0184569952011812,0.0,0.0,1.2499999999999973,0.0,1.2499999999999973
system engineering,1.0,0.0184569952011812,0.0,0.0,1.2499999999999973,0.0,1.2499999999999973
supply chain security,1.0,0.0184569952011812,0.0,0.0,1.2499999999999973,0.0,1.2499999999999973
supply chain management,1.0,0.0184569952011812,0.0,0.0,1.2499999999999973,0.0,1.2499999999999973
ssdlc,1.0,0.0184569952011812,0.0,0.0,1.2499999999999973,0.0,1.2499999999999973
uat,1.0,0.0184569952011812,0.0,0.0,1.2499999999999973,0.0,1.2499999999999973
unix,1.0,0.0184569952011812,0.0,0.0,1.2499999999999973,0.0,1.2499999999999973
ups systems,1.0,0.0184569952011812,0.0,0.0,1.2499999999999973,0.0,1.2499999999999973
vulnerability analysis,1.0,0.0184569952011812,0.0,0.0,1.2499999999999973,0.0,1.2499999999999973
xendesktop,1.0,0.0184569952011812,0.0,0.0,1.2499999999999973,0.0,1.2499999999999973
wm,1.0,0.0184569952011812,0.0,0.0,1.2499999999999973,0.0,1.2499999999999973
windows server,1.0,0.0184569952011812,0.0,0.0,1.2499999999999973,0.0,1.2499999999999973
windows os,1.0,0.0184569952011812,0.0,0.0,1.2499999999999973,0.0,1.2499999999999973
white box monitoring,1.0,0.0184569952011812,0.0,0.0,1.2499999999999973,0.0,1.2499999999999973
websocket,1.0,0.0184569952011812,0.0,0.0,1.2499999999999973,0.0,1.2499999999999973
webrtc,1.0,0.0184569952011812,0.0,0.0,1.2499999999999973,0.0,1.2499999999999973
web application testing,1.0,0.0184569952011812,0.0,0.0,1.2499999999999973,0.0,1.2499999999999973
warehouse management system,1.0,0.0184569952011812,0.0,0.0,1.2499999999999973,0.0,1.2499999999999973
vulnerability remediation,1.0,0.0184569952011812,0.0,0.0,1.2499999999999973,0.0,1.2499999999999973
vulnerability assessment,1.0,0.0184569952011812,0.0,0.0,1.2499999999999973,0.0,1.2499999999999973
voice technology,1.0,0.0184569952011812,0.0,0.0,1.2499999999999973,0.0,1.2499999999999973
user acceptance testing,1.0,0.0184569952011812,0.0,0.0,1.2499999999999973,0.0,1.2499999999999973
vmware horizon,1.0,0.0184569952011812,0.0,0.0,1.2499999999999973,0.0,1.2499999999999973
vision systems,1.0,0.0184569952011812,0.0,0.0,1.2499999999999973,0.0,1.2499999999999973
virtual server environment,1.0,0.0184569952011812,0.0,0.0,1.2499999999999973,0.0,1.2499999999999973
vhdl,1.0,0.0184569952011812,0.0,0.0,1.2499999999999973,0.0,1.2499999999999973
verilog,1.0,0.0184569952011812,0.0,0.0,1.2499999999999973,0.0,1.2499999999999973
vdi,1.0,0.0184569952011812,0.0,0.0,1.2499999999999973,0.0,1.2499999999999973
vapt,1.0,0.0184569952011812,0.0,0.0,1.2499999999999973,0.0,1.2499999999999973
value-stream mapping,1.0,0.0184569952011812,0.0,0.0,1.2499999999999973,0.0,1.2499999999999973
ux/ui design,1.0,0.0184569952011812,0.0,0.0,1.2499999999999973,0.0,1.2499999999999973
ux/ui,1.0,0.0184569952011812,0.0,0.0,1.2499999999999973,0.0,1.2499999999999973
user research,1.0,0.0184569952011812,0.0,0.0,1.2499999999999973,0.0,1.2499999999999973
sql server,1.0,0.0184569952011812,0.0,0.0,1.2499999999999973,0.0,1.2499999999999973
spring boot,1.0,0.0184569952011812,0.0,0.0,1.2499999999999973,0.0,1.2499999999999973
product analytics,1.0,0.0184569952011812,0.0,0.0,1.2499999999999973,0.0,1.2499999999999973
splunk,1.0,0.0184569952011812,0.0,0.0,1.2499999999999973,0.0,1.2499999999999973
rxswift,1.0,0.0184569952011812,0.0,0.0,1.2499999999999973,0.0,1.2499999999999973
runbook creation,1.0,0.0184569952011812,0.0,0.0,1.2499999999999973,0.0,1.2499999999999973
rpc,1.0,0.0184569952011812,0.0,0.0,1.2499999999999973,0.0,1.2499999999999973
robotics,1.0,0.0184569952011812,0.0,0.0,1.2499999999999973,0.0,1.2499999999999973
robot programming,1.0,0.0184569952011812,0.0,0.0,1.2499999999999973,0.0,1.2499999999999973
risk management,1.0,0.0184569952011812,0.0,0.0,1.2499999999999973,0.0,1.2499999999999973
retention analysis,1.0,0.0184569952011812,0.0,0.0,1.2499999999999973,0.0,1.2499999999999973
rest apis,1.0,0.0184569952011812,0.0,0.0,1.2499999999999973,0.0,1.2499999999999973
lts,1.0,0.0184569952011812,0.0,0.0,1.2499999999999973,0.0,1.2499999999999973
requirement management,1.0,0.0184569952011812,0.0,0.0,1.2499999999999973,0.0,1.2499999999999973
request management,1.0,0.0184569952011812,0.0,0.0,1.2499999999999973,0.0,1.2499999999999973
repair,1.0,0.0184569952011812,0.0,0.0,1.2499999999999973,0.0,1.2499999999999973
recommender systems,1.0,0.0184569952011812,0.0,0.0,1.2499999999999973,0.0,1.2499999999999973
reactive programming,1.0,0.0184569952011812,0.0,0.0,1.2499999999999973,0.0,1.2499999999999973
rdbms,1.0,0.0184569952011812,0.0,0.0,1.2499999999999973,0.0,1.2499999999999973
raido,1.0,0.0184569952011812,0.0,0.0,1.2499999999999973,0.0,1.2499999999999973
quantitative research,1.0,0.0184569952011812,0.0,0.0,1.2499999999999973,0.0,1.2499999999999973
qualitative research,1.0,0.0184569952011812,0.0,0.0,1.2499999999999973,0.0,1.2499999999999973
qa,1.0,0.0184569952011812,0.0,0.0,1.2499999999999973,0.0,1.2499999999999973
pytorch,1.0,0.0184569952011812,0.0,0.0,1.2499999999999973,0.0,1.2499999999999973
prototyping,1.0,0.0184569952011812,0.0,0.0,1.2499999999999973,0.0,1.2499999999999973
prompt engineering,1.0,0.0184569952011812,0.0,0.0,1.2499999999999973,0.0,1.2499999999999973
product-centric development,1.0,0.0184569952011812,0.0,0.0,1.2499999999999973,0.0,1.2499999999999973
product management,1.0,0.0184569952011812,0.0,0.0,1.2499999999999973,0.0,1.2499999999999973
product architecture,1.0,0.0184569952011812,0.0,0.0,1.2499999999999973,0.0,1.2499999999999973
saas,1.0,0.0184569952011812,0.0,0.0,1.2499999999999973,0.0,1.2499999999999973
samsung knox,1.0,0.0184569952011812,0.0,0.0,1.2499999999999973,0.0,1.2499999999999973
sap,1.0,0.0184569952011812,0.0,0.0,1.2499999999999973,0.0,1.2499999999999973
service level agreements,1.0,0.0184569952011812,0.0,0.0,1.2499999999999973,0.0,1.2499999999999973
specflow,1.0,0.0184569952011812,0.0,0.0,1.2499999999999973,0.0,1.2499999999999973
sop development,1.0,0.0184569952011812,0.0,0.0,1.2499999999999973,0.0,1.2499999999999973
software testing,1.0,0.0184569952011812,0.0,0.0,1.2499999999999973,0.0,1.2499999999999973
software reverse engineering,1.0,0.0184569952011812,0.0,0.0,1.2499999999999973,0.0,1.2499999999999973
software development lifecycle,1.0,0.0184569952011812,0.0,0.0,1.2499999999999973,0.0,1.2499999999999973
smb2 review,1.0,0.0184569952011812,0.0,0.0,1.2499999999999973,0.0,1.2499999999999973
smart dc,1.0,0.0184569952011812,0.0,0.0,1.2499999999999973,0.0,1.2499999999999973
site reliability engineering,1.0,0.0184569952011812,0.0,0.0,1.2499999999999973,0.0,1.2499999999999973
simulation software,1.0,0.0184569952011812,0.0,0.0,1.2499999999999973,0.0,1.2499999999999973
service operations,1.0,0.0184569952011812,0.0,0.0,1.2499999999999973,0.0,1.2499999999999973
service level objective alerting,1.0,0.0184569952011812,0.0,0.0,1.2499999999999973,0.0,1.2499999999999973
service availability planning,1.0,0.0184569952011812,0.0,0.0,1.2499999999999973,0.0,1.2499999999999973
sast,1.0,0.0184569952011812,0.0,0.0,1.2499999999999973,0.0,1.2499999999999973
sensors,1.0,0.0184569952011812,0.0,0.0,1.2499999999999973,0.0,1.2499999999999973
security operations,1.0,0.0184569952011812,0.0,0.0,1.2499999999999973,0.0,1.2499999999999973
security management,1.0,0.0184569952011812,0.0,0.0,1.2499999999999973,0.0,1.2499999999999973
security hardening,1.0,0.0184569952011812,0.0,0.0,1.2499999999999973,0.0,1.2499999999999973
security,1.0,0.0184569952011812,0.0,0.0,1.2499999999999973,0.0,1.2499999999999973
scripting,1.0,0.0184569952011812,0.0,0.0,1.2499999999999973,0.0,1.2499999999999973
scikit-learn,1.0,0.0184569952011812,0.0,0.0,1.2499999999999973,0.0,1.2499999999999973
schneider performance system,1.0,0.0184569952011812,0.0,0.0,1.2499999999999973,0.0,1.2499999999999973
sccm,1.0,0.0184569952011812,0.0,0.0,1.2499999999999973,0.0,1.2499999999999973
scara robots,1.0,0.0184569952011812,0.0,0.0,1.2499999999999973,0.0,1.2499999999999973
scalability,1.0,0.0184569952011812,0.0,0.0,1.2499999999999973,0.0,1.2499999999999973
machine integration,1.0,0.0184569952011812,0.0,0.0,1.2499999999999973,0.0,1.2499999999999973
zinstant,1.0,0.0184569952011812,0.0,0.0,1.2499999999999973,0.0,1.2499999999999973
logistics management,1.0,0.0184569952011812,0.0,0.0,1.2499999999999973,0.0,1.2499999999999973
bug reporting,1.0,0.0184569952011812,0.0,0.0,1.2499999999999973,0.0,1.2499999999999973
aws,1.0,0.0184569952011812,0.0,0.0,1.2499999999999973,0.0,1.2499999999999973
discrete mathematics,1.0,0.0184569952011812,0.0,0.0,1.2499999999999973,0.0,1.2499999999999973
disaster recovery,1.0,0.0184569952011812,0.0,0.0,1.2499999999999973,0.0,1.2499999999999973
digitization,1.0,0.0184569952011812,0.0,0.0,1.2499999999999973,0.0,1.2499999999999973
bash,1.0,0.0184569952011812,0.0,0.0,1.2499999999999973,0.0,1.2499999999999973
devsecops,1.0,0.0184569952011812,0.0,0.0,1.2499999999999973,0.0,1.2499999999999973
devops,1.0,0.0184569952011812,0.0,0.0,1.2499999999999973,0.0,1.2499999999999973
design thinking,1.0,0.0184569952011812,0.0,0.0,1.2499999999999973,0.0,1.2499999999999973
design pattern,1.0,0.0184569952011812,0.0,0.0,1.2499999999999973,0.0,1.2499999999999973
batch scripting,1.0,0.0184569952011812,0.0,0.0,1.2499999999999973,0.0,1.2499999999999973
design,1.0,0.0184569952011812,0.0,0.0,1.2499999999999973,0.0,1.2499999999999973
deployment strategies,1.0,0.0184569952011812,0.0,0.0,1.2499999999999973,0.0,1.2499999999999973
deployment,1.0,0.0184569952011812,0.0,0.0,1.2499999999999973,0.0,1.2499999999999973
dependency injection,1.0,0.0184569952011812,0.0,0.0,1.2499999999999973,0.0,1.2499999999999973
defect management,1.0,0.0184569952011812,0.0,0.0,1.2499999999999973,0.0,1.2499999999999973
benchmarking,1.0,0.0184569952011812,0.0,0.0,1.2499999999999973,0.0,1.2499999999999973
debugging,1.0,0.0184569952011812,0.0,0.0,1.2499999999999973,0.0,1.2499999999999973
datadog,1.0,0.0184569952011812,0.0,0.0,1.2499999999999973,0.0,1.2499999999999973
black box monitoring,1.0,0.0184569952011812,0.0,0.0,1.2499999999999973,0.0,1.2499999999999973
data-driven decision making,1.0,0.0184569952011812,0.0,0.0,1.2499999999999973,0.0,1.2499999999999973
data structure,1.0,0.0184569952011812,0.0,0.0,1.2499999999999973,0.0,1.2499999999999973
autonomous mobile robots,1.0,0.0184569952011812,0.0,0.0,1.2499999999999973,0.0,1.2499999999999973
dlp,1.0,0.0184569952011812,0.0,0.0,1.2499999999999973,0.0,1.2499999999999973
documentation,1.0,0.0184569952011812,0.0,0.0,1.2499999999999973,0.0,1.2499999999999973
automated guided vehicles,1.0,0.0184569952011812,0.0,0.0,1.2499999999999973,0.0,1.2499999999999973
fiber technologies,1.0,0.0184569952011812,0.0,0.0,1.2499999999999973,0.0,1.2499999999999973
application support,1.0,0.0184569952011812,0.0,0.0,1.2499999999999973,0.0,1.2499999999999973
eurocontrol,1.0,0.0184569952011812,0.0,0.0,1.2499999999999973,0.0,1.2499999999999973
ethernet/ip,1.0,0.0184569952011812,0.0,0.0,1.2499999999999973,0.0,1.2499999999999973
arm,1.0,0.0184569952011812,0.0,0.0,1.2499999999999973,0.0,1.2499999999999973
arp spoofing,1.0,0.0184569952011812,0.0,0.0,1.2499999999999973,0.0,1.2499999999999973
aruba clearpass,1.0,0.0184569952011812,0.0,0.0,1.2499999999999973,0.0,1.2499999999999973
assembly,1.0,0.0184569952011812,0.0,0.0,1.2499999999999973,0.0,1.2499999999999973
endpoint security,1.0,0.0184569952011812,0.0,0.0,1.2499999999999973,0.0,1.2499999999999973
embedded software testing,1.0,0.0184569952011812,0.0,0.0,1.2499999999999973,0.0,1.2499999999999973
dr,1.0,0.0184569952011812,0.0,0.0,1.2499999999999973,0.0,1.2499999999999973
electronics,1.0,0.0184569952011812,0.0,0.0,1.2499999999999973,0.0,1.2499999999999973
electrical distribution systems,1.0,0.0184569952011812,0.0,0.0,1.2499999999999973,0.0,1.2499999999999973
elastic search,1.0,0.0184569952011812,0.0,0.0,1.2499999999999973,0.0,1.2499999999999973
automated remediation,1.0,0.0184569952011812,0.0,0.0,1.2499999999999973,0.0,1.2499999999999973
automated testing,1.0,0.0184569952011812,0.0,0.0,1.2499999999999973,0.0,1.2499999999999973
automation hardware,1.0,0.0184569952011812,0.0,0.0,1.2499999999999973,0.0,1.2499999999999973
eia632,1.0,0.0184569952011812,0.0,0.0,1.2499999999999973,0.0,1.2499999999999973
ecs,1.0,0.0184569952011812,0.0,0.0,1.2499999999999973,0.0,1.2499999999999973
dynatrace,1.0,0.0184569952011812,0.0,0.0,1.2499999999999973,0.0,1.2499999999999973
bss,1.0,0.0184569952011812,0.0,0.0,1.2499999999999973,0.0,1.2499999999999973
data strategy,1.0,0.0184569952011812,0.0,0.0,1.2499999999999973,0.0,1.2499999999999973
apis,1.0,0.0184569952011812,0.0,0.0,1.2499999999999973,0.0,1.2499999999999973
c,1.0,0.0184569952011812,0.0,0.0,1.2499999999999973,0.0,1.2499999999999973
container orchestration,1.0,0.0184569952011812,0.0,0.0,1.2499999999999973,0.0,1.2499999999999973
confluence,1.0,0.0184569952011812,0.0,0.0,1.2499999999999973,0.0,1.2499999999999973
configuration management,1.0,0.0184569952011812,0.0,0.0,1.2499999999999973,0.0,1.2499999999999973
ccsp,1.0,0.0184569952011812,0.0,0.0,1.2499999999999973,0.0,1.2499999999999973
cdn,1.0,0.0184569952011812,0.0,0.0,1.2499999999999973,0.0,1.2499999999999973
ceh,1.0,0.0184569952011812,0.0,0.0,1.2499999999999973,0.0,1.2499999999999973
charts+,1.0,0.0184569952011812,0.0,0.0,1.2499999999999973,0.0,1.2499999999999973
chr implementation,1.0,0.0184569952011812,0.0,0.0,1.2499999999999973,0.0,1.2499999999999973
citrix xenapp,1.0,0.0184569952011812,0.0,0.0,1.2499999999999973,0.0,1.2499999999999973
computer forensics,1.0,0.0184569952011812,0.0,0.0,1.2499999999999973,0.0,1.2499999999999973
clean architecture,1.0,0.0184569952011812,0.0,0.0,1.2499999999999973,0.0,1.2499999999999973
client academy,1.0,0.0184569952011812,0.0,0.0,1.2499999999999973,0.0,1.2499999999999973
cloud computing,1.0,0.0184569952011812,0.0,0.0,1.2499999999999973,0.0,1.2499999999999973
cloud infrastructure,1.0,0.0184569952011812,0.0,0.0,1.2499999999999973,0.0,1.2499999999999973
cloud operations,1.0,0.0184569952011812,0.0,0.0,1.2499999999999973,0.0,1.2499999999999973
cloud platforms,1.0,0.0184569952011812,0.0,0.0,1.2499999999999973,0.0,1.2499999999999973
cloudops,1.0,0.0184569952011812,0.0,0.0,1.2499999999999973,0.0,1.2499999999999973
cmdb,1.0,0.0184569952011812,0.0,0.0,1.2499999999999973,0.0,1.2499999999999973
code artifact management,1.0,0.0184569952011812,0.0,0.0,1.2499999999999973,0.0,1.2499999999999973
code review,1.0,0.0184569952011812,0.0,0.0,1.2499999999999973,0.0,1.2499999999999973
combine,1.0,0.0184569952011812,0.0,0.0,1.2499999999999973,0.0,1.2499999999999973
container security,1.0,0.0184569952011812,0.0,0.0,1.2499999999999973,0.0,1.2499999999999973
containerization,1.0,0.0184569952011812,0.0,0.0,1.2499999999999973,0.0,1.2499999999999973
c#,1.0,0.0184569952011812,0.0,0.0,1.2499999999999973,0.0,1.2499999999999973
cyberark conjur,1.0,0.0184569952011812,0.0,0.0,1.2499999999999973,0.0,1.2499999999999973
data platform,1.0,0.0184569952011812,0.0,0.0,1.2499999999999973,0.0,1.2499999999999973
data pipelines,1.0,0.0184569952011812,0.0,0.0,1.2499999999999973,0.0,1.2499999999999973
data operations,1.0,0.0184569952011812,0.0,0.0,1.2499999999999973,0.0,1.2499999999999973
data lineage,1.0,0.0184569952011812,0.0,0.0,1.2499999999999973,0.0,1.2499999999999973
data governance,1.0,0.0184569952011812,0.0,0.0,1.2499999999999973,0.0,1.2499999999999973
data analytics,1.0,0.0184569952011812,0.0,0.0,1.2499999999999973,0.0,1.2499999999999973
cyberark sentry,1.0,0.0184569952011812,0.0,0.0,1.2499999999999973,0.0,1.2499999999999973
cyberark guardian,1.0,0.0184569952011812,0.0,0.0,1.2499999999999973,0.0,1.2499999999999973
cyberark epv,1.0,0.0184569952011812,0.0,0.0,1.2499999999999973,0.0,1.2499999999999973
cve scanning,1.0,0.0184569952011812,0.0,0.0,1.2499999999999973,0.0,1.2499999999999973
continuous deployment,1.0,0.0184569952011812,0.0,0.0,1.2499999999999973,0.0,1.2499999999999973
cryptographic operations,1.0,0.0184569952011812,0.0,0.0,1.2499999999999973,0.0,1.2499999999999973
crm,1.0,0.0184569952011812,0.0,0.0,1.2499999999999973,0.0,1.2499999999999973
crash resolution,1.0,0.0184569952011812,0.0,0.0,1.2499999999999973,0.0,1.2499999999999973
cpq,1.0,0.0184569952011812,0.0,0.0,1.2499999999999973,0.0,1.2499999999999973
cpaas,1.0,0.0184569952011812,0.0,0.0,1.2499999999999973,0.0,1.2499999999999973
cortex xdr,1.0,0.0184569952011812,0.0,0.0,1.2499999999999973,0.0,1.2499999999999973
conveyor tracking,1.0,0.0184569952011812,0.0,0.0,1.2499999999999973,0.0,1.2499999999999973
conveyor systems,1.0,0.0184569952011812,0.0,0.0,1.2499999999999973,0.0,1.2499999999999973
control systems,1.0,0.0184569952011812,0.0,0.0,1.2499999999999973,0.0,1.2499999999999973
fifo,1.0,0.0184569952011812,0.0,0.0,1.2499999999999973,0.0,1.2499999999999973
exploitation,1.0,0.0184569952011812,0.0,0.0,1.2499999999999973,0.0,1.2499999999999973
firewall management,1.0,0.0184569952011812,0.0,0.0,1.2499999999999973,0.0,1.2499999999999973
interactive debugging,1.0,0.0184569952011812,0.0,0.0,1.2499999999999973,0.0,1.2499999999999973
iso/iec15288,1.0,0.0184569952011812,0.0,0.0,1.2499999999999973,0.0,1.2499999999999973
iso 14971,1.0,0.0184569952011812,0.0,0.0,1.2499999999999973,0.0,1.2499999999999973
iso 13485,1.0,0.0184569952011812,0.0,0.0,1.2499999999999973,0.0,1.2499999999999973
iot,1.0,0.0184569952011812,0.0,0.0,1.2499999999999973,0.0,1.2499999999999973
ios internals,1.0,0.0184569952011812,0.0,0.0,1.2499999999999973,0.0,1.2499999999999973
io-link,1.0,0.0184569952011812,0.0,0.0,1.2499999999999973,0.0,1.2499999999999973
ada,1.0,0.0184569952011812,0.0,0.0,1.2499999999999973,0.0,1.2499999999999973
inventory management,1.0,0.0184569952011812,0.0,0.0,1.2499999999999973,0.0,1.2499999999999973
agile @ scale,1.0,0.0184569952011812,0.0,0.0,1.2499999999999973,0.0,1.2499999999999973
agvs,1.0,0.0184569952011812,0.0,0.0,1.2499999999999973,0.0,1.2499999999999973
integration,1.0,0.0184569952011812,0.0,0.0,1.2499999999999973,0.0,1.2499999999999973
image optimization,1.0,0.0184569952011812,0.0,0.0,1.2499999999999973,0.0,1.2499999999999973
installation,1.0,0.0184569952011812,0.0,0.0,1.2499999999999973,0.0,1.2499999999999973
infrastructure management,1.0,0.0184569952011812,0.0,0.0,1.2499999999999973,0.0,1.2499999999999973
infrastructure as code,1.0,0.0184569952011812,0.0,0.0,1.2499999999999973,0.0,1.2499999999999973
ai,1.0,0.0184569952011812,0.0,0.0,1.2499999999999973,0.0,1.2499999999999973
aidc,1.0,0.0184569952011812,0.0,0.0,1.2499999999999973,0.0,1.2499999999999973
industrial communications,1.0,0.0184569952011812,0.0,0.0,1.2499999999999973,0.0,1.2499999999999973
industrial automation,1.0,0.0184569952011812,0.0,0.0,1.2499999999999973,0.0,1.2499999999999973
incident response,1.0,0.0184569952011812,0.0,0.0,1.2499999999999973,0.0,1.2499999999999973
firewalls,1.0,0.0184569952011812,0.0,0.0,1.2499999999999973,0.0,1.2499999999999973
implementation,1.0,0.0184569952011812,0.0,0.0,1.2499999999999973,0.0,1.2499999999999973
it operations center management,1.0,0.0184569952011812,0.0,0.0,1.2499999999999973,0.0,1.2499999999999973
it project management,1.0,0.0184569952011812,0.0,0.0,1.2499999999999973,0.0,1.2499999999999973
itil foundation,1.0,0.0184569952011812,0.0,0.0,1.2499999999999973,0.0,1.2499999999999973
itsm,1.0,0.0184569952011812,0.0,0.0,1.2499999999999973,0.0,1.2499999999999973
logic and computation,1.0,0.0184569952011812,0.0,0.0,1.2499999999999973,0.0,1.2499999999999973
a-training ordering,1.0,0.0184569952011812,0.0,0.0,1.2499999999999973,0.0,1.2499999999999973
log analysis,1.0,0.0184569952011812,0.0,0.0,1.2499999999999973,0.0,1.2499999999999973
llms,1.0,0.0184569952011812,0.0,0.0,1.2499999999999973,0.0,1.2499999999999973
linux os,1.0,0.0184569952011812,0.0,0.0,1.2499999999999973,0.0,1.2499999999999973
6-axis robots,1.0,0.0184569952011812,0.0,0.0,1.2499999999999973,0.0,1.2499999999999973
lean methods,1.0,0.0184569952011812,0.0,0.0,1.2499999999999973,0.0,1.2499999999999973
a/b testing,1.0,0.0184569952011812,0.0,0.0,1.2499999999999973,0.0,1.2499999999999973
access control,1.0,0.0184569952011812,0.0,0.0,1.2499999999999973,0.0,1.2499999999999973
lazy load,1.0,0.0184569952011812,0.0,0.0,1.2499999999999973,0.0,1.2499999999999973
kpi reporting,1.0,0.0184569952011812,0.0,0.0,1.2499999999999973,0.0,1.2499999999999973
ad,1.0,0.0184569952011812,0.0,0.0,1.2499999999999973,0.0,1.2499999999999973
kotlin multiplatform,1.0,0.0184569952011812,0.0,0.0,1.2499999999999973,0.0,1.2499999999999973
kotlin,1.0,0.0184569952011812,0.0,0.0,1.2499999999999973,0.0,1.2499999999999973
knowledge management systems,1.0,0.0184569952011812,0.0,0.0,1.2499999999999973,0.0,1.2499999999999973
kmp,1.0,0.0184569952011812,0.0,0.0,1.2499999999999973,0.0,1.2499999999999973
key management,1.0,0.0184569952011812,0.0,0.0,1.2499999999999973,0.0,1.2499999999999973
kanban,1.0,0.0184569952011812,0.0,0.0,1.2499999999999973,0.0,1.2499999999999973
jtag,1.0,0.0184569952011812,0.0,0.0,1.2499999999999973,0.0,1.2499999999999973
jcac,1.0,0.0184569952011812,0.0,0.0,1.2499999999999973,0.0,1.2499999999999973
jbs,1.0,0.0184569952011812,0.0,0.0,1.2499999999999973,0.0,1.2499999999999973
air traffic management,1.0,0.0184569952011812,0.0,0.0,1.2499999999999973,0.0,1.2499999999999973
codeql,1.0,0.0184569952011812,0.0,0.0,1.2499999999999973,0.0,1.2499999999999973
im8 ict security standards,1.0,0.0184569952011812,0.0,0.0,1.2499999999999973,0.0,1.2499999999999973
gitleaks,1.0,0.0184569952011812,0.0,0.0,1.2499999999999973,0.0,1.2499999999999973
antivirus,1.0,0.0184569952011812,0.0,0.0,1.2499999999999973,0.0,1.2499999999999973
grem,1.0,0.0184569952011812,0.0,0.0,1.2499999999999973,0.0,1.2499999999999973
algorithmic analysis,1.0,0.0184569952011812,0.0,0.0,1.2499999999999973,0.0,1.2499999999999973
grand central dispatch,1.0,0.0184569952011812,0.0,0.0,1.2499999999999973,0.0,1.2499999999999973
gpo,1.0,0.0184569952011812,0.0,0.0,1.2499999999999973,0.0,1.2499999999999973
gpen,1.0,0.0184569952011812,0.0,0.0,1.2499999999999973,0.0,1.2499999999999973
apache thrift,1.0,0.0184569952011812,0.0,0.0,1.2499999999999973,0.0,1.2499999999999973
api,1.0,0.0184569952011812,0.0,0.0,1.2499999999999973,0.0,1.2499999999999973
go,1.0,0.0184569952011812,0.0,0.0,1.2499999999999973,0.0,1.2499999999999973
gitlab,1.0,0.0184569952011812,0.0,0.0,1.2499999999999973,0.0,1.2499999999999973
ha/dr,1.0,0.0184569952011812,0.0,0.0,1.2499999999999973,0.0,1.2499999999999973
ghidra,1.0,0.0184569952011812,0.0,0.0,1.2499999999999973,0.0,1.2499999999999973
gdb,1.0,0.0184569952011812,0.0,0.0,1.2499999999999973,0.0,1.2499999999999973
api design,1.0,0.0184569952011812,0.0,0.0,1.2499999999999973,0.0,1.2499999999999973
funnel analysis,1.0,0.0184569952011812,0.0,0.0,1.2499999999999973,0.0,1.2499999999999973
freshdesk,1.0,0.0184569952011812,0.0,0.0,1.2499999999999973,0.0,1.2499999999999973
fpga,1.0,0.0184569952011812,0.0,0.0,1.2499999999999973,0.0,1.2499999999999973
fodm,1.0,0.0184569952011812,0.0,0.0,1.2499999999999973,0.0,1.2499999999999973
fmr analysis,1.0,0.0184569952011812,0.0,0.0,1.2499999999999973,0.0,1.2499999999999973
flysmart+,1.0,0.0184569952011812,0.0,0.0,1.2499999999999973,0.0,1.2499999999999973
angularjs,1.0,0.0184569952011812,0.0,0.0,1.2499999999999973,0.0,1.2499999999999973
aodb,1.0,0.0184569952011812,0.0,0.0,1.2499999999999973,0.0,1.2499999999999973
honeypot,1.0,0.0184569952011812,0.0,0.0,1.2499999999999973,0.0,1.2499999999999973
hardware security module,1.0,0.0184569952011812,0.0,0.0,1.2499999999999973,0.0,1.2499999999999973
iam,1.0,0.0184569952011812,0.0,0.0,1.2499999999999973,0.0,1.2499999999999973
analytics management,1.0,0.0184569952011812,0.0,0.0,1.2499999999999973,0.0,1.2499999999999973
hsm,1.0,0.0184569952011812,0.0,0.0,1.2499999999999973,0.0,1.2499999999999973
harbor,1.0,0.0184569952011812,0.0,0.0,1.2499999999999973,0.0,1.2499999999999973
high-load systems,1.0,0.0184569952011812,0.0,0.0,1.2499999999999973,0.0,1.2499999999999973
high-load environments,1.0,0.0184569952011812,0.0,0.0,1.2499999999999973,0.0,1.2499999999999973
hardware testing,1.0,0.0184569952011812,0.0,0.0,1.2499999999999973,0.0,1.2499999999999973
idea system,1.0,0.0184569952011812,0.0,0.0,1.2499999999999973,0.0,1.2499999999999973
android,1.0,0.0184569952011812,0.0,0.0,1.2499999999999973,0.0,1.2499999999999973
amrs,1.0,0.0184569952011812,0.0,0.0,1.2499999999999973,0.0,1.2499999999999973
hardware reverse engineering,1.0,0.0184569952011812,0.0,0.0,1.2499999999999973,0.0,1.2499999999999973
hardware development,1.0,0.0184569952011812,0.0,0.0,1.2499999999999973,0.0,1.2499999999999973
iec 62304,1.0,0.0184569952011812,0.0,0.0,1.2499999999999973,0.0,1.2499999999999973
android os,1.0,0.0184569952011812,0.0,0.0,1.2499999999999973,0.0,1.2499999999999973
hardware design,1.0,0.0184569952011812,0.0,0.0,1.2499999999999973,0.0,1.2499999999999973
angular,1.0,0.0184569952011812,0.0,0.0,1.2499999999999973,0.0,1.2499999999999973
icao,1.0,0.0184569952011812,0.0,0.0,1.2499999999999973,0.0,1.2499999999999973
functional programming,2.0,0.0369139904023624,1.0,14.285714285714285,2.4999999999999947,1.6666666666666665,0.8333333333333282
networks,2.0,0.0369139904023624,1.0,14.285714285714285,2.4999999999999947,1.6666666666666665,0.8333333333333282
natural language processing,1.0,0.0184569952011812,1.0,14.285714285714285,1.2499999999999973,1.6666666666666665,-0.4166666666666692
data science,1.0,0.0184569952011812,1.0,14.285714285714285,1.2499999999999973,1.6666666666666665,-0.4166666666666692
computer vision,1.0,0.0184569952011812,1.0,14.285714285714285,1.2499999999999973,1.6666666666666665,-0.4166666666666692
concurrency,1.0,0.0184569952011812,1.0,14.285714285714285,1.2499999999999973,1.6666666666666665,-0.4166666666666692
distributed systems,2.0,0.0369139904023624,2.0,28.57142857142857,2.4999999999999947,3.333333333333333,-0.8333333333333384
technology,0.0,0.0,1.0,14.285714285714285,0.0,1.6666666666666665,-1.6666666666666665
symbolic reasoning,0.0,0.0,1.0,14.285714285714285,0.0,1.6666666666666665,-1.6666666666666665
automated program verification,0.0,0.0,1.0,14.285714285714285,0.0,1.6666666666666665,-1.6666666666666665
statistics,0.0,0.0,1.0,14.285714285714285,0.0,1.6666666666666665,-1.6666666666666665
category theory,0.0,0.0,1.0,14.285714285714285,0.0,1.6666666666666665,-1.6666666666666665
storage,0.0,0.0,1.0,14.285714285714285,0.0,1.6666666666666665,-1.6666666666666665
design and analysis of algorithms,0.0,0.0,1.0,14.285714285714285,0.0,1.6666666666666665,-1.6666666666666665
programme design,0.0,0.0,1.0,14.285714285714285,0.0,1.6666666666666665,-1.6666666666666665
privacy,0.0,0.0,1.0,14.285714285714285,0.0,1.6666666666666665,-1.6666666666666665
distributed computing,0.0,0.0,1.0,14.285714285714285,0.0,1.6666666666666665,-1.6666666666666665
programming methodology,0.0,0.0,1.0,14.285714285714285,0.0,1.6666666666666665,-1.6666666666666665
internet,0.0,0.0,1.0,14.285714285714285,0.0,1.6666666666666665,-1.6666666666666665
communication technology,0.0,0.0,1.0,14.285714285714285,0.0,1.6666666666666665,-1.6666666666666665
program analysis,0.0,0.0,1.0,14.285714285714285,0.0,1.6666666666666665,-1.6666666666666665
processor architecture,0.0,0.0,1.0,14.285714285714285,0.0,1.6666666666666665,-1.6666666666666665
problem-solving,0.0,0.0,1.0,14.285714285714285,0.0,1.6666666666666665,-1.6666666666666665
engineering,0.0,0.0,1.0,14.285714285714285,0.0,1.6666666666666665,-1.6666666666666665
information systems,0.0,0.0,1.0,14.285714285714285,0.0,1.6666666666666665,-1.6666666666666665
probability,0.0,0.0,1.0,14.285714285714285,0.0,1.6666666666666665,-1.6666666666666665
probabilistic reasoning,0.0,0.0,1.0,14.285714285714285,0.0,1.6666666666666665,-1.6666666666666665
financial engineering,0.0,0.0,1.0,14.285714285714285,0.0,1.6666666666666665,-1.6666666666666665
digital ethics,0.0,0.0,1.0,14.285714285714285,0.0,1.6666666666666665,-1.6666666666666665
perception,0.0,0.0,1.0,14.285714285714285,0.0,1.6666666666666665,-1.6666666666666665
nanotechnologies,0.0,0.0,1.0,14.285714285714285,0.0,1.6666666666666665,-1.6666666666666665
parallel computer architecture,0.0,0.0,1.0,14.285714285714285,0.0,1.6666666666666665,-1.6666666666666665
graphics,0.0,0.0,1.0,14.285714285714285,0.0,1.6666666666666665,-1.6666666666666665
optimization,0.0,0.0,1.0,14.285714285714285,0.0,1.6666666666666665,-1.6666666666666665
operations research,0.0,0.0,1.0,14.285714285714285,0.0,1.6666666666666665,-1.6666666666666665
operating systems,0.0,0.0,1.0,14.285714285714285,0.0,1.6666666666666665,-1.6666666666666665
operating system design,0.0,0.0,1.0,14.285714285714285,0.0,1.6666666666666665,-1.6666666666666665
hardware technologies,0.0,0.0,1.0,14.285714285714285,0.0,1.6666666666666665,-1.6666666666666665
human-computer interaction,0.0,0.0,1.0,14.285714285714285,0.0,1.6666666666666665,-1.6666666666666665
neural computation,0.0,0.0,1.0,14.285714285714285,0.0,1.6666666666666665,-1.6666666666666665
discrete structures,0.0,0.0,1.0,14.285714285714285,0.0,1.6666666666666665,-1.6666666666666665
network technology,0.0,0.0,1.0,14.285714285714285,0.0,1.6666666666666665,-1.6666666666666665
imperative computation,0.0,0.0,1.0,14.285714285714285,0.0,1.6666666666666665,-1.6666666666666665
matrix theory,0.0,0.0,1.0,14.285714285714285,0.0,1.6666666666666665,-1.6666666666666665
compiler design,0.0,0.0,1.0,14.285714285714285,0.0,1.6666666666666665,-1.6666666666666665
complexity theory,0.0,0.0,1.0,14.285714285714285,0.0,1.6666666666666665,-1.6666666666666665
computability,0.0,0.0,1.0,14.285714285714285,0.0,1.6666666666666665,-1.6666666666666665
computational biology,0.0,0.0,1.0,14.285714285714285,0.0,1.6666666666666665,-1.6666666666666665
sound,0.0,0.0,1.0,14.285714285714285,0.0,1.6666666666666665,-1.6666666666666665
computational engineering,0.0,0.0,1.0,14.285714285714285,0.0,1.6666666666666665,-1.6666666666666665
computational science,0.0,0.0,1.0,14.285714285714285,0.0,1.6666666666666665,-1.6666666666666665
software technologies,0.0,0.0,1.0,14.285714285714285,0.0,1.6666666666666665,-1.6666666666666665
logic,0.0,0.0,1.0,14.285714285714285,0.0,1.6666666666666665,-1.6666666666666665
software foundations,0.0,0.0,1.0,14.285714285714285,0.0,1.6666666666666665,-1.6666666666666665
mathematical reasoning,0.0,0.0,1.0,14.285714285714285,0.0,1.6666666666666665,-1.6666666666666665
computer music,0.0,0.0,1.0,14.285714285714285,0.0,1.6666666666666665,-1.6666666666666665
deep learning,0.0,0.0,1.0,14.285714285714285,0.0,1.6666666666666665,-1.6666666666666665
computer organisation,0.0,0.0,1.0,14.285714285714285,0.0,1.6666666666666665,-1.6666666666666665
mechanized reasoning,0.0,0.0,1.0,14.285714285714285,0.0,1.6666666666666665,-1.6666666666666665
multimedia information retrieval,0.0,0.0,1.0,14.285714285714285,0.0,1.6666666666666665,-1.6666666666666665
computer systems,0.0,0.0,1.0,14.285714285714285,0.0,1.6666666666666665,-1.6666666666666665
constructive logic,0.0,0.0,1.0,14.285714285714285,0.0,1.6666666666666665,-1.6666666666666665
sequential computing,0.0,0.0,1.0,14.285714285714285,0.0,1.6666666666666665,-1.6666666666666665
data privacy,0.0,0.0,1.0,14.285714285714285,0.0,1.6666666666666665,-1.6666666666666665
robot kinematics,0.0,0.0,1.0,14.285714285714285,0.0,1.6666666666666665,-1.6666666666666665
robot dynamics,0.0,0.0,1.0,14.285714285714285,0.0,1.6666666666666665,-1.6666666666666665
internet policy,0.0,0.0,1.0,14.285714285714285,0.0,1.6666666666666665,-1.6666666666666665
calculus,1.0,0.0184569952011812,2.0,28.57142857142857,1.2499999999999973,3.333333333333333,-2.0833333333333357
machine learning,2.0,0.0369139904023624,3.0,42.857142857142854,2.4999999999999947,5.0,-2.5000000000000053
collective intelligence,0.0,0.0,2.0,28.57142857142857,0.0,3.333333333333333,-3.333333333333333
parallel computing,0.0,0.0,2.0,28.57142857142857,0.0,3.333333333333333,-3.333333333333333
programming languages,0.0,0.0,2.0,28.57142857142857,0.0,3.333333333333333,-3.333333333333333
database systems,0.0,0.0,2.0,28.57142857142857,0.0,3.333333333333333,-3.333333333333333
computer security,0.0,0.0,2.0,28.57142857142857,0.0,3.333333333333333,-3.333333333333333
computer graphics,0.0,0.0,2.0,28.57142857142857,0.0,3.333333333333333,-3.333333333333333
computer engineering,0.0,0.0,2.0,28.57142857142857,0.0,3.333333333333333,-3.333333333333333
linear algebra,0.0,0.0,2.0,28.57142857142857,0.0,3.333333333333333,-3.333333333333333
artificial intelligence,2.0,0.0369139904023624,4.0,57.14285714285714,2.4999999999999947,6.666666666666666,-4.166666666666671
software engineering,2.0,0.0369139904023624,4.0,57.14285714285714,2.4999999999999947,6.666666666666666,-4.166666666666671
computer science,0.0,0.0,6.0,85.71428571428571,0.0,10.0,-10.0
